"prospect_id","priority","experiment","company","decision_maker","send_timing","channel","subject","follow_up_message","positive_reply_action","redirect_reply_action","not_now_reply_action","negative_reply_action","status"
"C001","P1","E01; E02","Agnos Therapeutics","Carter Cliff","4 business days after initial outreach","Reply through the original contact route","Re: Your Japan entry plan after JEAP","Carter, one brief follow-up on Agnos's Japan plan. I am looking specifically at the operating work that sits between a market decision and the licensed professionals who execute regulated steps. If that coordination is already clearly owned, a simple no is useful. If it is still distributed across the team, would a 20-minute comparison next week be worthwhile?","Offer two specific 20-minute meeting times within the next five business days.","Thank them and contact the named owner within one business day, referencing the introduction.","Ask which dated Japan milestone should trigger one future follow-up; record it and close the current sequence.","Thank them, record the stated reason verbatim, and close the sequence.","Ready after initial send"
"C002","P1","E01; E02","StemSight","Laura Koivusalo","4 business days after initial outreach","Reply to the original email thread","Re: A practical question after StemSight's JEAP work","Laura, I wanted to close the loop on my note about StemSight's Japan work. With clinical readiness, fundraising, and partnership development moving together, I am testing whether a single readiness map would remove meaningful founder coordination. Is that a live problem for StemSight, or is the Japan work already fully owned? Either answer would be helpful.","Offer two specific 20-minute meeting times within the next five business days.","Thank her and contact the named owner within one business day, referencing the introduction.","Ask which clinical, financing, or Japan milestone should trigger one future follow-up; record it and close the current sequence.","Thank her, record the stated reason verbatim, and close the sequence.","Ready after initial send"
"C003","P1","E01; E02","Tidewave Bio","Francois Binette","4 business days after initial outreach","Reply to the original email thread","Re: Coordinating the operating side of Tidewave's Japan plan","Francois, one final note on Tidewave's planned Japan development and collaboration work. I am trying to determine whether the cross-provider operating layer is a problem founders will pay to remove. If responsibilities, documents, and local handoffs still sit with your team, would a 20-minute comparison be useful? If not, a quick no will close the loop.","Offer two specific 20-minute meeting times within the next five business days.","Thank him and contact the named owner within one business day, referencing the introduction.","Ask which dated development or collaboration milestone should trigger one future follow-up; record it and close the current sequence.","Thank him, record the stated reason verbatim, and close the sequence.","Ready after initial send"
"C004","P1","E01; E02","MKC Biotherapeutics","Madhusudan V. Peshwa","4 business days after initial outreach","Reply through the original contact route","Re: The coordination layer around MKC's Japan plan","Dr. Peshwa, I am following up once on MKC's Japanese development plan. The narrow question is whether coordinating the plan, local professional scopes, documents, and ownership is consuming executive time outside the regulated therapy work. If so, I would value a 20-minute comparison. If another person owns Japan execution, an introduction would be equally useful.","Offer two specific 20-minute meeting times within the next five business days.","Thank him and contact the named owner within one business day, referencing the introduction.","Ask which dated development milestone should trigger one future follow-up; record it and close the current sequence.","Thank him, record the stated reason verbatim, and close the sequence.","Ready after initial send"
"C005","P1","E01; E02","NextCell Pharma","Mathias Svahn","4 business days after initial outreach","Reply to the original email thread","Re: One operating plan around NextCell's Japan work","Mathias, one brief follow-up on NextCell's Japan collaboration and market-development work. I am testing whether leaders need one accountable owner for the non-regulated coordination across providers, dependencies, and next actions. Is that responsibility currently clear inside NextCell? If not, would a 20-minute comparison next week be useful?","Offer two specific 20-minute meeting times within the next five business days.","Thank him and contact the named owner within one business day, referencing the introduction.","Ask which dated collaboration or market milestone should trigger one future follow-up; record it and close the current sequence.","Thank him, record the stated reason verbatim, and close the sequence.","Ready after initial send"
"C006","P1","E01; E02","Ernexa Therapeutics","Sanjeev Luther","4 business days after initial outreach","Reply through the original contact route","Re: A readiness question after Ernexa's JEAP participation","Sanjeev, I wanted to close the loop on Ernexa's planned Japanese development relationships. I am interviewing leaders to learn whether the operating handoffs around a Japan plan remain an executive burden after technical and professional advisers are involved. If that is live for Ernexa, could we compare notes for 20 minutes? If not, a short no is useful evidence too.","Offer two specific 20-minute meeting times within the next five business days.","Thank him and contact the named owner within one business day, referencing the introduction.","Ask which dated development or partnership milestone should trigger one future follow-up; record it and close the current sequence.","Thank him, record the stated reason verbatim, and close the sequence.","Ready after initial send"
"C007","P2","E01; E02","LIFT BioSciences","Bo Rode Hansen","4 business days after initial outreach","Reply through the original contact route","Re: The operating work around LIFT's Japan plans","Bo, one final follow-up on LIFT's planned Japan collaboration and development activity. I am testing a fixed-scope service for the non-regulated work between intent and execution: ownership, provider handoffs, documents, and dependencies. Would a 20-minute comparison help determine whether that problem exists at LIFT, or is the work already covered?","Offer two specific 20-minute meeting times within the next five business days.","Thank him and contact the named owner within one business day, referencing the introduction.","Ask which dated Japan milestone should trigger one future follow-up; record it and close the current sequence.","Thank him, record the stated reason verbatim, and close the sequence.","Ready after initial send"
"C008","P2","E01; E02","Senti Biosciences","Timothy Lu","4 business days after initial outreach","Reply to the original email thread","Re: A practical Japan-entry comparison after JEAP","Timothy, I am following up once on Senti's Japan plans. The question is not about regulated development advice; it is whether the operating coordination across responsibilities, local providers, documents, and next actions lacks one owner. If that is relevant, would you or the person leading Japan work be open to a 20-minute comparison?","Offer two specific 20-minute meeting times within the next five business days.","Thank him and contact the named owner within one business day, referencing the introduction.","Ask which dated clinical or Japan milestone should trigger one future follow-up; record it and close the current sequence.","Thank him, record the stated reason verbatim, and close the sequence.","Ready after initial send"
"C009","P1","E01; E02","LYMPHOGENiX Limited","Aarti Gurnani","4 business days after initial outreach","Reply to the original email thread","Re: What LYMPHOGENiX learned establishing in Nagoya","Aarti, one final follow-up on the Nagoya setup. I am trying to document what remained with leadership after incorporation and professional advice: provider handoffs, banking, documents, ownership, and launch follow-through. Would you be open to a 20-minute factual debrief? I will keep the interview separate from any paid offer.","Offer two specific 20-minute meeting times within the next five business days and label the meeting as a factual debrief.","Thank her and contact the named launch owner within one business day, referencing the introduction.","Ask which operating milestone should trigger one future follow-up; record it and close the current sequence.","Thank her, record the stated reason verbatim, and close the sequence.","Ready after initial send"
"C010","P1","E01; E02","Quantum Bridge Technologies","Mattia Montagna","4 business days after initial outreach","Reply to the original email thread","Re: After the Toshiba PoC: who owns the next Japan steps?","Mattia, following up once because Quantum Bridge has both a completed Japan PoC and fresh expansion capital. I am testing whether the work outside the distributor relationship still needs one owner across entity decisions, providers, documents, and next actions. Is that relevant now, or is the next Japan phase already fully covered?","Offer two specific 20-minute meeting times within the next five business days.","Thank him and contact the named owner within one business day, referencing the introduction.","Ask which commercial or expansion milestone should trigger one future follow-up; record it and close the current sequence.","Thank him, record the stated reason verbatim, and close the sequence.","Ready after initial send"
"C011","P1","E01; E02","QUDORA Technologies","Amado Bautista-Salvador","4 business days after initial outreach","Reply to the original email thread","Re: What still sits with QUDORA after launching Japan K.K.?","Amado, one brief follow-up after QUDORA Japan K.K.'s operational launch. I am interviewing founders about the work that remains after formation: banking and provider dependencies, ownership, documents, and launch follow-through. Would a 20-minute debrief be useful, or has that layer already been resolved inside QUDORA?","Offer two specific 20-minute meeting times within the next five business days.","Thank him and contact the named Japan owner within one business day, referencing the introduction.","Ask which operating or partnership milestone should trigger one future follow-up; record it and close the current sequence.","Thank him, record the stated reason verbatim, and close the sequence.","Ready after initial send"
"C012","P1","E01; E02","Gruve Tech","Tarun Raisoni","4 business days after initial outreach","Reply through the original contact route","Re: A readiness map for Gruve's next Japan entity","Tarun, I am following up once because Gruve has already opened in Tokyo and publicly indicated another regional entity. If that next step is active, I can map the non-regulated dependencies, provider handoffs, ownership, and decisions in a fixed $1,500 readiness engagement. Would a 20-minute fit check next week be useful?","Offer two specific 20-minute meeting times within the next five business days.","Thank him and contact the named entity owner within one business day, referencing the introduction.","Ask which dated entity or infrastructure milestone should trigger one future follow-up; record it and close the current sequence.","Thank him, record the stated reason verbatim, and close the sequence.","Ready after initial send"
"C013","P1","E02","KREATiS","Japan expansion team","4 business days after initial outreach","Reply to the original email thread","Re: A short debrief on KREATiS Japan's setup","KREATiS team, one final follow-up on the Tokyo launch. I am collecting factual accounts from recent foreign entrants about the coordination work that remained after professional advisers completed their scopes. Could you direct me to the person who owned the setup for a 20-minute debrief? The conversation will remain research-only until the interview is complete.","Offer two specific 20-minute meeting times within the next five business days and label the meeting as a factual debrief.","Thank them and contact the named launch owner within one business day, referencing the introduction.","Ask which post-launch milestone should trigger one future follow-up; record it and close the current sequence.","Thank them, record the stated reason verbatim, and close the sequence.","Ready after initial send"
"C014","P1","E02","READi Robust Machine","Japan expansion team","4 business days after initial outreach","Reply through the original contact route","Re: Who coordinated READi's Japan launch after the advisers?","READi team, I am following up once because your Nagoya subsidiary, Aichi PoC, and Osaka customer discussions create a useful real-world launch case. Could you direct me to the executive who coordinated the operating handoffs across local providers, banking, tax, labor, and customer support for a 20-minute factual debrief?","Offer two specific 20-minute meeting times within the next five business days and label the meeting as a factual debrief.","Thank them and contact the named launch owner within one business day, referencing the introduction.","Ask which customer or operating milestone should trigger one future follow-up; record it and close the current sequence.","Thank them, record the stated reason verbatim, and close the sequence.","Ready after initial send"
"C015","P2","E02","STYL Solutions","Japan expansion team","4 business days after initial outreach","Reply through the original contact route","Re: A 20-minute debrief on STYL's Yokohama launch","STYL team, one final note on the Yokohama launch. I am interviewing recent entrants to learn which non-regulated coordination tasks remained with the business after registration, tax, labor, and banking specialists completed their work. Could you connect me with the executive who owned the setup for a 20-minute factual debrief?","Offer two specific 20-minute meeting times within the next five business days and label the meeting as a factual debrief.","Thank them and contact the named launch owner within one business day, referencing the introduction.","Ask which transit or operating milestone should trigger one future follow-up; record it and close the current sequence.","Thank them, record the stated reason verbatim, and close the sequence.","Ready after initial send"
"C016","P2","E02","Okeanos Group","Japan expansion team","4 business days after initial outreach","Reply through the original contact route","Re: What remained after Okeanos Japan LLC was formed?","Okeanos team, I wanted to close the loop on the Tokyo sales and marketing base. I am documenting what recent entrants still had to coordinate after formation professionals completed their scopes. Could you direct me to the person who owned the Japan launch for a 20-minute factual debrief? I will not pitch during the interview.","Offer two specific 20-minute meeting times within the next five business days and label the meeting as a factual debrief.","Thank them and contact the named launch owner within one business day, referencing the introduction.","Ask which sales or regional expansion milestone should trigger one future follow-up; record it and close the current sequence.","Thank them, record the stated reason verbatim, and close the sequence.","Ready after initial send"
"C017","P2","E02","genOway","Japan expansion team","4 business days after initial outreach","Reply through the original contact route","Re: A factual debrief on genOway Japan K.K.","genOway team, one brief follow-up on the Tokyo entity. Because genOway entered with an existing Japanese customer base, your experience could clarify which banking, tax, provider, and operating handoffs still consumed business-team time. Could you connect me with the person who owned the setup for a 20-minute factual debrief?","Offer two specific 20-minute meeting times within the next five business days and label the meeting as a factual debrief.","Thank them and contact the named launch owner within one business day, referencing the introduction.","Ask which customer-support or operating milestone should trigger one future follow-up; record it and close the current sequence.","Thank them, record the stated reason verbatim, and close the sequence.","Ready after initial send"
"C018","P3","E02","SourceFuse","Gautam Ghai","4 business days after initial outreach","Reply to the original email thread","Re: What SourceFuse learned setting up Japan K.K.","Gautam, I am following up once on SourceFuse Japan K.K. I am collecting factual accounts from recent B2B entrants about the coordination work that remained with executives after formation and professional advice. Would you or the person who led the setup be open to a 20-minute debrief? I will keep the interview research-only.","Offer two specific 20-minute meeting times within the next five business days and label the meeting as a factual debrief.","Thank him and contact the named launch owner within one business day, referencing the introduction.","Ask which customer or Japan growth milestone should trigger one future follow-up; record it and close the current sequence.","Thank him, record the stated reason verbatim, and close the sequence.","Ready after initial send"
"C019","P1","E02","BluWave-ai","Devashish Paul","4 business days after initial outreach","Reply through the original contact route","Re: A founder debrief on BluWave-ai's Tokyo setup","Devashish, one final note on BluWave-ai's Tokyo office. I am interviewing founder-led B2B entrants about the operating coordination that remained after local setup and professional work were complete. Would you be open to a 20-minute factual debrief on what consumed executive time and what still needs an owner?","Offer two specific 20-minute meeting times within the next five business days and label the meeting as a factual debrief.","Thank him and contact the named launch owner within one business day, referencing the introduction.","Ask which customer or energy-market milestone should trigger one future follow-up; record it and close the current sequence.","Thank him, record the stated reason verbatim, and close the sequence.","Ready after initial send"
"C020","P1","E02","GENESINK","Japan expansion team","4 business days after initial outreach","Reply through the original contact route","Re: What GENESINK learned establishing in Aichi","GENESINK team, I wanted to close the loop on the Aichi office and Japanese industrial-partnership work. I am documenting what recent entrants still had to coordinate after incorporation and provider setup. Could you direct me to the executive who owned the launch for a 20-minute factual debrief? The first conversation will remain research-only.","Offer two specific 20-minute meeting times within the next five business days and label the meeting as a factual debrief.","Thank them and contact the named launch owner within one business day, referencing the introduction.","Ask which industrial partnership or commercialization milestone should trigger one future follow-up; record it and close the current sequence.","Thank them, record the stated reason verbatim, and close the sequence.","Ready after initial send"
